Рабочая станция IT-10125 (моноблок);2.1012411280
Рабочая станция IT-10125 (моноблок);2.1012411281
Рабочая станция IT-10125 (моноблок);2.1012411282
Рабочая станция IT-10125 (моноблок);2.1012411283
Рабочая станция IT-10125 (моноблок);2.1012411284
Рабочая станция IT-10125 (моноблок);2.1012411285
Рабочая станция IT-10125 (моноблок);2.1012411286
Рабочая станция IT-10125 (моноблок);2.1012411287
Рабочая станция IT-10125 (моноблок);2.1012411288
Рабочая станция IT-10125 (моноблок);2.1012411289
Рабочая станция IT-10125 (моноблок);2.1012411290
Рабочая станция IT-10125 (моноблок);2.1012411291
Рабочая станция IT-10125 (моноблок);2.1012411292
Рабочая станция IT-10125 (моноблок);2.1012411293
Рабочая станция IT-10125 (моноблок);2.1012411294
Рабочая станция IT-10125 (моноблок);2.1012411295
Рабочая станция IT-10125 (моноблок);2.1012411296
Рабочая станция IT-10125 (моноблок);2.1012411297
Рабочая станция IT-10125 (моноблок);2.1012411299
Рабочая станция IT-10125 (моноблок);2.1012411300
Рабочая станция IT-10125 (моноблок);2.1012411301
Рабочая станция IT-10125 (моноблок);2.1012411302
Рабочая станция IT-10125 (моноблок);2.1012411303
Рабочая станция IT-10125 (моноблок);2.1012411304
Рабочая станция IT-10125 (моноблок);2.1012411305
Рабочая станция IT-10125 (моноблок);2.1012411306
Рабочая станция IT-10125 (моноблок);2.1012411307
Рабочая станция IT-10125 (моноблок);2.1012411308
Рабочая станция IT-10125 (моноблок);2.1012411309
Рабочая станция IT-10125 (моноблок);2.1012411310
Рабочая станция IT-10125 (моноблок);2.1012411311
Рабочая станция IT-10125 (моноблок);2.1012411312
Рабочая станция IT-10125 (моноблок);2.1012411313
Рабочая станция IT-10125 (моноблок);2.1012411314
Рабочая станция IT-10125 (моноблок);2.1012411315
Рабочая станция IT-10125 (моноблок);2.1012411316
Рабочая станция IT-10125 (моноблок);2.1012411317
Рабочая станция IT-10125 (моноблок);2.1012411318
Рабочая станция IT-10125 (моноблок);2.1012411319
Рабочая станция IT-10125 (моноблок);2.1012411320
Рабочая станция IT-10125 (моноблок);2.1012411321
Рабочая станция IT-10125 (моноблок);2.1012411322
Рабочая станция IT-10125 (моноблок);2.1012411323
Рабочая станция IT-10125 (моноблок);2.1012411324
Рабочая станция IT-10125 (моноблок);2.1012411325
Рабочая станция IT-10125 (моноблок);2.1012411326
Рабочая станция IT-10125 (моноблок);2.1012411327
Рабочая станция IT-10125 (моноблок);2.1012411328
Рабочая станция IT-10125 (моноблок);2.1012411329
Рабочая станция IT-10111 (неттоп);2.1012411330
Рабочая станция IT-10111 (неттоп);2.1012411331
Рабочая станция IT-10111 (неттоп);2.1012411332
Рабочая станция IT-10111 (неттоп);2.1012411333
Рабочая станция IT-10111 (неттоп);2.1012411334
Рабочая станция IT-10111 (неттоп);2.1012411335
Рабочая станция IT-10111 (неттоп);2.1012411336
Рабочая станция IT-10111 (неттоп);2.1012411337
Рабочая станция IT-10111 (неттоп);2.1012411338
Рабочая станция IT-10111 (неттоп);2.1012411339
Рабочая станция IT-10111 (неттоп);2.1012411340
Рабочая станция IT-10111 (неттоп);2.1012411341
Рабочая станция IT-10111 (неттоп);2.1012411342
Рабочая станция IT-10111 (неттоп);2.1012411343
Рабочая станция IT-10111 (неттоп);2.1012411344
Рабочая станция IT-10111 (неттоп);2.1012411345
Рабочая станция IT-10111 (неттоп);2.1012411346
Рабочая станция IT-10111 (неттоп);2.1012411347
Рабочая станция IT-10111 (неттоп);2.1012411348
Рабочая станция IT-10111 (неттоп);2.1012411349
Рабочая станция IT-10111 (неттоп);2.1012411350
Рабочая станция IT-10111 (неттоп);2.1012411351
Рабочая станция IT-10111 (неттоп);2.1012411352
Рабочая станция IT-10111 (неттоп);2.1012411353
Рабочая станция IT-10111 (неттоп);2.1012411354
Рабочая станция IT-10111 (неттоп);2.1012411355
Рабочая станция IT-10111 (неттоп);2.1012411356
Рабочая станция IT-10111 (неттоп);2.1012411357
Рабочая станция IT-10111 (неттоп);2.1012411358
Рабочая станция IT-10111 (неттоп);2.1012411359
Планшетный компьютер Teclast P40HD Т606;2.1012411377
Планшетный компьютер Teclast P40HD Т606;2.1012411378
Планшетный компьютер Teclast P40HD Т606;2.1012411379
Планшетный компьютер Teclast P40HD Т606;2.1012411380
Планшетный компьютер Teclast P40HD Т606;2.1012411381
Рабочая станция IT-10124 (моноблок);2.1012411382
Рабочая станция IT-10124 (моноблок);2.1012411383
Рабочая станция IT-10124 (моноблок);2.1012411384
Рабочая станция IT-10124 (моноблок);2.1012411385
Рабочая станция IT-10124 (моноблок);2.1012411386
Рабочая станция IT-10124 (моноблок);2.1012411387
Рабочая станция IT-10124 (моноблок);2.1012411388
Рабочая станция IT-10124 (моноблок);2.1012411389
Рабочая станция IT-10124 (моноблок);2.1012411390
Рабочая станция IT-10124 (моноблок);2.1012411391
Компьютер портативный персональный «IRU» Оникс 15U;2.1012411392
Компьютер портативный персональный «IRU» Оникс 15U;2.1012411393
Компьютер портативный персональный «IRU» Оникс 15U;2.1012411394
Компьютер портативный персональный «IRU» Оникс 15U;2.1012411395
Компьютер портативный персональный «IRU» Оникс 15U;2.1012411396
Компьютер портативный персональный «IRU» Оникс 15U;2.1012411397
Компьютер портативный персональный «IRU» Оникс 15U;2.1012411398
Компьютер портативный персональный «IRU» Оникс 15U;2.1012411399
Компьютер портативный персональный «IRU» Оникс 15U;2.1012411400
Компьютер портативный персональный «IRU» Оникс 15U;2.1012411401
Компьютер портативный персональный «IRU» Оникс 15U;2.1012411402
Компьютер портативный персональный «IRU» Оникс 15U;2.1012411403
Компьютер портативный персональный «IRU» Оникс 15U;2.1012411404
Компьютер портативный персональный «IRU» Оникс 15U;2.1012411405
Компьютер портативный персональный «IRU» Оникс 15U;2.1012411406
Компьютер портативный персональный «IRU» Оникс 15U;2.1012411407
Компьютер портативный персональный «IRU» Оникс 15U;2.1012411408
Компьютер портативный персональный «IRU» Оникс 15U;2.1012411409
Компьютер портативный персональный «IRU» Оникс 15U;2.1012411410
Компьютер портативный персональный «IRU» Оникс 15U;2.1012411411
Компьютер портативный персональный «IRU» Оникс 15U;2.1012411412
Компьютер портативный персональный «IRU» Оникс 15U;2.1012411413
Компьютер портативный персональный «IRU» Оникс 15U;2.1012411414
Компьютер портативный персональный «IRU» Оникс 15U;2.1012411415
Компьютер портативный персональный «IRU» Оникс 15U;2.1012411416
Компьютер портативный персональный «IRU» Оникс 15U;2.1012411417
Компьютер портативный персональный «IRU» Оникс 15U;2.1012411418
Компьютер портативный персональный «IRU» Оникс 15U;2.1012411419
Компьютер портативный персональный «IRU» Оникс 15U;2.1012411420
Компьютер портативный персональный «IRU» Оникс 15U;2.1012411421
Компьютер портативный персональный «IRU» Оникс 15U;2.1012411422
Компьютер портативный персональный «IRU» Оникс 15U;2.1012411423
Компьютер портативный персональный «IRU» Оникс 15U;2.1012411424
Компьютер портативный персональный «IRU» Оникс 15U;2.1012411425
Компьютер портативный персональный «IRU» Оникс 15U;2.1012411426
Компьютер портативный персональный «IRU» Оникс 15U;2.1012411427
Компьютер портативный персональный «IRU» Оникс 15U;2.1012411428
Компьютер портативный персональный «IRU» Оникс 15U;2.1012411429
Компьютер портативный персональный «IRU» Оникс 15U;2.1012411430
Компьютер портативный персональный «IRU» Оникс 15U;2.1012411431
